figma/jobs/5062717004?utm_source=Thrive+Capital+job+board&utm_medium=getro.com&gh_src=Thrive+Capital+job+board,
affirm/jobs/5882470003,
cloudflare/jobs/5690629,
affirm/jobs/5881875003,
checkr/jobs/5683632,
acorns/jobs/5708620,
branch/jobs/5886571003,
spacex/jobs/7130254002?gh_jid=7130254002,
january/jobs/4017062007?t=1c902d387us,
twilio/jobs/5656375?gh_src=xc7ql4,
blueoriginllc/jobs/4330743006?gh_jid=4330743006,
rubrik/jobs/5669634,
cloudflare/jobs/5563426?gh_jid=5563426,
spacex/jobs/7123168002?gh_jid=7123168002,
cloudflare/jobs/5713925,
doordash/jobs/5698581,
twilio/jobs/5705768,
cloudflare/jobs/5590710?gh_jid=5590710,
angi/jobs/7107810002,
crunchyroll/jobs/5575487,
acorns/jobs/5693697,
noahmedical/jobs/4002208008,
seyond/jobs/5077166004,
scaleai/jobs/4366302005,
skydio/jobs/5887605003,
spacex/jobs/7223429002?gh_jid=7223429002,
twilio/jobs/5664270,
flex/jobs/4368664005,
onxmaps/jobs/4333608006,
boxinc/jobs/5660590,
kininsurance/jobs/4490359004?gh_src=689ef2694us,
spacex/jobs/7234334002?gh_jid=7234334002,
altentechnologyusa/jobs/4251245007?t=99b1d7ba7us,
hivewatch/jobs/5077999004,
upstart/jobs/5641686,
samsara/jobs/5641031?utm_source=SpaceTalent+job+board&utm_medium=getro.com&gh_src=SpaceTalent+job+board,
roc/jobs/4001613008,
figma/jobs/4754116004?t=4c2843374us,
wileyedgerecruitingportal/jobs/4273098006,
altentechnologyusa/jobs/4219273007?t=5a6c60f77us,
benchling/jobs/5578557?gh_jid=5578557,
samsara/jobs/5593396?gh_jid=5593396,
altentechnologyusa/jobs/4246728007,
spacex/jobs/7120792002?gh_jid=7120792002,
andurilindustries/jobs/4249332007,
affirm/jobs/5794767003,
altentechnologyusa/jobs/4245907007?t=61933d6e7us,
keyfactorinc/jobs/5083439004,
accesso/jobs/4222516007,
systemstechnologyresearch/jobs/4334503006,
robinhood/jobs/5666918?gh_src=NaN&gh_jid=5666918,
ibkr/jobs/7070074002?t=b45a5a512us,
astranis/jobs/4333447006,
canonical/jobs/5692068,
canonicaljobs/jobs/5708716?gh_src=df2a6dca1us,
ntconcepts/jobs/5072834004,
aylo/jobs/6832169002,
zscaler/jobs/4093282007?t=2ee07de07us,
aylo/jobs/7121213002,
yprime/jobs/4330865006,
map/jobs/7158915002,
innovid/jobs/7123678002,
canonicaljobs/jobs/5680698?gh_src=900be6101us,
transferwise/jobs/5662489?t=2659d04a1us,
canonicaljobs/jobs/5680642?gh_src=5cefd3881us,
canonicaljobs/jobs/5680445,
accenturefederalservices/jobs/4329286006?gh_jid=4329286006&ref=levels.fyi&src=levels.fyi&utm_source=levels.fyi,
canonicaljobs/jobs/5680446?gh_src=54c3fe881us,
canonicaljobs/jobs/5700691?gh_src=57c01c861us&utm_source=Elevolt,
tenet3/jobs/6628792002?t=9edf425d2,
canonical/jobs/5692058,
canonicaljobs/jobs/5678931?gh_src=3661363d1us&,
canonical/jobs/5692058?gh_src=61f8a4331us,
accruenthq/jobs/5673388,
dataiku/jobs/5072788004,
farasisenergy/jobs/7237925002?ref=terra.do,
shipbobinc/jobs/4356384005,
sustainabletalent/jobs/4368213005?t=ce5730255us,
innovaccer/jobs/7215488002,
innovaccer/jobs/7119143002,
shipbobinc/jobs/4363721005,
drivewealth/jobs/5444613003,
embed/job_app?token=5395677&source=levels.fyi&ref=levels.fyi&src=levels.fyi&utm_source=levels.fyi,
twilio/jobs/5656129,
sanmar/jobs/4248180007?gh_jid=4248180007,
embed/job_app?token=5296671&source=levels.fyi&ref=levels.fyi&src=levels.fyi&utm_source=levels.fyi,
embed/job_app?for=offerup&token=5673518,
offerup/jobs/5685198,
embed/job_app?for=elastic&token=5347675,
link,
chime/jobs/7214758002?gh_jid=7214758002,
relativity/jobs/7256855002?gh_jid=7256855002,
enova/jobs/5353292?t=Blind,
niantic/jobs/7279409002,
usertesting48/jobs/5910591003,
alarmcom/jobs/6996362002?t=eccb836b2us,
chime/jobs/7214756002,
skydio,
embed/job_app?for=lynk&token=5896653003&b=https://lynk.world/careers,
embed/job_app?for=punchh&token=7276491002,
epicgames/jobs/5022383004,
addepar1/jobs/7120763002,
squarespace/jobs/5740112?utm_source=Hyde+Park+Venture+Partners+job+board&utm_medium=getro.com&gh_src=Hyde+Park,+Venture+Partners+job+board
embed/job_app?for=moloco&token=5898051003,
embed/job_app?for=a3c41b8b71eff8c4&token=5913213003,
zinniaintern/jobs/4343395006,
celonis/jobs/5910606003,
appian/jobs/5785341,
blueoriginllc/jobs/4341020006?gh_jid=4341020006,
blueoriginllc/jobs/4333230006?gh_jid=4333230006&source=LinkedIn,
haydenai/jobs/5128550004,
blueoriginllc/jobs/4327162006?gh_jid=4327162006&source=LinkedIn,
zinniaintern/jobs/4294210006,
robinhood/jobs/5794425?t=gh_src=?gh_jid=5794425,
blueoriginllc/jobs/4336857006?gh_jid=4336857006,
bstocksolutions/jobs/4510422004?utm_source=True+Ventures+job+board&utm_medium=getro.com&gh_src=True+Ventures+j,ob+board
systemstechnologyresearch/jobs/4337914006,
sothebys/jobs/5091319004,
snowflakecomputing/jobs/7254993002,
pismo/jobs/5117248004,
mqrecruitingevents/jobs/5796860,
forgerock/jobs/7285596002,
embed/job_app?token=7252031002,
embed/job_app?token=5530935002,
phonepe/jobs/5892858003,
phonepe/jobs/5892843003,
phonepe/jobs/5892873003,
embed/job_app?token=4907500002,
systemstechnologyresearch/jobs/4334503006,
embed/job_app?token=5802464,
chathamfinancial/jobs/5775161,
tracelinkinc/jobs/4182145007,
robinhood/jobs/5704278,
robinhood/jobs/5794427,
robinhood/jobs/5638904,
robinhood/jobs/5638902?t=gh_src=?gh_jid=5638902,
kinaxisproduct/jobs/7119619002,
mongodb/jobs/5796408,
embed/job_board?for=hellofresh,
blueoriginllc/jobs/4315028006?gh_jid=4315028006&source=LinkedIn,
robinhood/jobs/5702185?t=gh_src=?gh_jid=5702185,
docnetwork/jobs/5120018004?utm_source=Purpose+job+board&utm_medium=getro.com&gh_src=Purpose+job+board,
schonfeld/jobs/5766800,
grammarly/jobs/5666586,
intrinsicrobotics/jobs/5072058004?gh_jid=5072058004,
snyk/jobs/7260177002,
theroom,
datacamp/jobs/5771998,
Applied Intuition,
QuinStreet,
HomeTap,
AkunaCapital,
Nuna,
Pallet,
Roadie,
Affirm,
Imprint,
Upstart,
Verkada,
Lacework,
hostaai,
Galaxy,
Dexcom,
Citizen,
Reddit,
cruchyroll,
Amplitude,
Roadie,
Clear,
Envoy,
HPR,
Crunchyroll,
Angi,
Blend,
Extend,
Alma,
Turo,
blitz,
Whatnot