name,origin
"at Remote",greenhouse
"at Shakepay",greenhouse
attabotics,lever
"at  Plotly",greenhouse
"at Konrad",greenhouse
"Klick Health",lever
"at Neuralink",greenhouse
certik,lever
"Palantir Path",lever
nimble,lever
"Mercedes-Benz R&D North America logo",lever
Motion,lever
Shakepay,greenhouse
Rangle,lever
Docebo,lever
Hopper,lever
Emburse,lever
1Password,lever
Lightspeed,greenhouse
"Y- DRW",greenhouse
Mechanism,lever
Lime,lever
"Viral Nation Inc.",greenhouse
PointClickCare,lever
Webflow,greenhouse
Relay,lever
Nielsen,lever
Tenstorrent,lever
"at Golden Hippo",greenhouse
Chime,greenhouse
"at Red Cell Partners",greenhouse
"at Mapbox",greenhouse
y-verkada,lever
Verkada,lever
granicus,lever
"at Sentry",greenhouse
Firework,greenhouse
"at Firework",greenhouse
DRW,greenhouse
"Palantir Technologies",lever
weride,lever
verdantrobotics,lever
palantir,lever
rackspace,lever
PMG,greenhouse
Vectra,greenhouse
"Chan Zuckerberg Biohub - San Francisco",greenhouse
Weave,greenhouse
"Weiss Asset Management",greenhouse
color,lever
Point72,greenhouse
"Applied Intuition",greenhouse
spaceX,greenhouse
connorgp,lever
Figma,greenhouse
"Radix Trading",greenhouse
"Relay Financial",lever
wealthfront,lever
"Jump Trading",greenhouse
CarbonDirect,lever
"Achronix Semiconductor",greenhouse
"Jane Street",greenhouse
Astra,lever
"Razorpay Software Private Limited",greenhouse
rockset,lever
DoorDash,greenhouse
Hudl,greenhouse
openx,lever
Nowsta,greenhouse
Jellyfish,greenhouse
HopSkipDrive,greenhouse
uncountable,lever
lendbuzz,lever
fyusion,lever
theblockcrypto,lever
waabi,lever
Neuralink,greenhouse
"PDT Partners",greenhouse
"Squarepoint Capital",greenhouse
symplicity,lever
Klue,lever
"Sony Pictures Imageworks",greenhouse
"Waabi Innovation Inc.",lever
Sentry,greenhouse
"Epic Games",greenhouse
"Belvedere Trading",lever
belvederetrading,lever
"Scale AI",greenhouse
"Virtu Financial",greenhouse
whoop,lever
"Radix Trading University Job Board",greenhouse
loop,greenhouse
egensolutions,lever
Tailscale,greenhouse
Affirm,greenhouse
ScaleAI,greenhouse
anyscale,lever
LivePerson,greenhouse
"Relativity Space Intern Job Board",greenhouse
Notion,greenhouse
Tombras,lever
Canonical,greenhouse
Alarm.com,greenhouse
Study.com,lever
Aquatic,greenhouse
"Interactive Brokers",greenhouse
Yassir,lever
Zynga,greenhouse
Duolingo,greenhouse
Yext,greenhouse
Humane,greenhouse
"Aquatic Capital Management",greenhouse
"Perpay - Career's Page",greenhouse
"Lucid Motors",lever
"The Allen Institute for AI",greenhouse
virtu,greenhouse
HRL,lever
sezzle,greenhouse
jd.com,greenhouse
"Visier Solutions Inc",greenhouse
kikoff,lever
Benchling,greenhouse
Adyen,greenhouse
PerPay,greenhouse
Mozilla,greenhouse
Fetch,greenhouse
Hightouch,greenhouse
webfx.com,lever
Twilio,greenhouse
CommerceIQ,greenhouse
loopreturns,lever
"garda capital partners",greenhouse
"TransMarket Group",greenhouse
Dropbox,greenhouse
"Global Atlantic Financial Group Opportunities",greenhouse
OKX,greenhouse
"Sacle Ai",greenhouse
8451,greenhouse
x1creditcard,lever
"Bilt Rewards",greenhouse
Kinaxis,greenhouse
veeva,lever
"Bridgewater Associates",greenhouse
"Galatea Associates",lever
Adept,greenhouse
"C3 AI",greenhouse
voltus,lever
teleo,lever
SonicWall,greenhouse
BaubleBar,greenhouse
"RVO Health",greenhouse
"Vatic Investments",greenhouse
centro,lever
wealthsimple,lever
plaid,lever
immuta,lever
"Glean Website",greenhouse
"Torc Robotics",greenhouse
HubSpot,greenhouse
tomtom,lever
"Charles River Associates",greenhouse
viam,greenhouse
"Chan Zuckerberg Initiative",greenhouse
"Accenture Federal Services",greenhouse
sunpower,lever
accenture,greenhouse
WillowTree,greenhouse
Whatnot,greenhouse
arcadia,lever
"Software Engineering Intern",lever
"Snap! Mobile, Inc.",greenhouse
Collective[i],lever
collectivei,lever
Kensho,lever
"Health at Scale",lever
"Optiver Private Jobs",greenhouse
DataCamp,greenhouse
Wolverine,lever
wolve,lever
"Asana Early Career Programs",greenhouse
"Enova International",greenhouse
Docugami,greenhouse
"Spring Health",greenhouse
"The Block",lever
"BHG Financial",lever
"BlackEdge Capital",greenhouse
"Internship Positions at Global Atlantic Financial Group",greenhouse
simplybusiness,lever
"global atlantic financial froup",greenhouse
Alchemy,greenhouse
temporal,lever
CesiumAstro,lever
"Top Hat",lever
"Simply Business",lever
SingleStore,greenhouse
"Stevens Capital Management LP",greenhouse
Concurrency,lever
"Rugged Robotics",greenhouse
"Sony Music Entertainment US",greenhouse
Phaidra,greenhouse
HealthJoy,greenhouse
Alignable,lever
"Omada Health",greenhouse
"OP3N WORLD",greenhouse
Galaxy,greenhouse
tophat,lever
Finch,lever
360Learning,lever
connectly,lever
"Trust & Will",lever
HPR,greenhouse
Loopio,lever
"Security Compass",greenhouse
Swoogo,greenhouse
czi,greenhouse
Samsara,greenhouse
Jobber,greenhouse
genesistherapeutics,lever
redcanary,lever
CloudOps,greenhouse
shakudo,lever
ClimateAI,greenhouse
Turo,greenhouse
Cloudflare,greenhouse
Loop,lever
"Genesis Therapeutics",lever
Mercedes-Benz,lever
MemryX,greenhouse
MBRDNA,lever
"First Resonance",greenhouse
Schonfeld,greenhouse
spotify,lever
overbond,lever
extremenetworks,lever
bhg-inc,lever
valkyrietrading,lever
lucidmotors,lever
talentkompass-deutschland,lever
Code42,greenhouse
"Vail Systems Inc.",lever
"DV Trading",greenhouse
"HRL Laboratories",lever
vailsys,lever
Semgrep,greenhouse
MarketAxess,greenhouse
"Noah Medical",lever
Lucid,lever
"Valkyrie Trading",lever
"Reliable Robotics",lever
"Dev Technology",greenhouse
agotai,lever
reliable,lever
"Veeva Systems",lever
EliseAI,greenhouse
Osano,lever
Relativity,greenhouse
regrello,lever
edgrp,lever
spiceai,lever
stavvy,lever
Tinder,lever
Outschool,greenhouse
Algorium,greenhouse
"Chicago Trading Company (CTC)",greenhouse
anduril,lever
January,greenhouse
digitalturbine,lever
Cowen,greenhouse
ProCogia,greenhouse
demiurgestudios,lever
dwavesys,lever
"Nextdoor Campus",greenhouse
"ABL Space Systems",lever
ablspacesystems,lever
doxo,greenhouse
Inspire11,greenhouse
"Anduril Industries",lever
Cesium,lever
Verisign,greenhouse
"Simon Data",greenhouse
ABL,lever
"at HubSpot",greenhouse
insitro,greenhouse
"Recorded Future",greenhouse
"PlayStation Global",greenhouse
"Mercedes Benz RD North Americna",lever
Databricks,greenhouse
Pomelo,greenhouse
Podium,greenhouse
Zoox,lever
"84.51° University Programs / Early Career Paths",greenhouse
Imbue,lever
STR,greenhouse
Codazen,greenhouse
AutoScout24,greenhouse
sep,lever
Nexxiot,greenhouse
tutorintelligence,lever
generallyintelligent,lever
"Kodiak Robotics",lever
Brainlabs,greenhouse
Deposco,lever
Zwift,greenhouse
Moonhub,lever
Arine,greenhouse
Events,greenhouse
honeybeerobotics,lever
playstation,greenhouse
glean,greenhouse
deepgenomics,lever
perpetualabs.com,lever
"Ascend Analytics",greenhouse
Gong,greenhouse
Tide,greenhouse
Horangi,lever
"TCP Software",greenhouse
Envoy,greenhouse
brooksrunning,lever
dnb,lever
DeepMind,greenhouse
plusgrade,lever
hive,lever
"XTX Markets",greenhouse
Tropic,greenhouse
"Deep Genomics",lever
"Honeybee Robotics",lever
TWO,greenhouse
"Appfire Technologies, LLC.",greenhouse
"Innovaccer Inc.",greenhouse
Mapbox,greenhouse
CRED,lever
koho,lever
ekimetrics,lever
zopa,lever
Grammarly,greenhouse
Nextdoor,greenhouse
"Redwood Materials",greenhouse
"Dave Inc.",lever
insistro,greenhouse
"willow tree",greenhouse
MachinaLabs,lever
tokenmetrics,lever
StubHub,lever
SeatGeek,greenhouse
"Vivid Seats",greenhouse
Trumid,greenhouse
binance,lever
noahmed,lever
"Nautilus Labs",greenhouse
jar-app,lever
meesho,lever
Monzo,greenhouse
DEPT®,greenhouse
"Golden Hippo",greenhouse
Mindtickle,lever
Remote,greenhouse
Evidation,greenhouse
boxhub,lever
"The New York Times",greenhouse
BTIG,greenhouse
"Sunwater Capital",lever
"Octopus Money",greenhouse
"Rockstar Games",greenhouse
Xevant,greenhouse
Cognite,lever
Heretic,lever
"Simplify360 (A Nextiva Company)",greenhouse
Rackner,greenhouse
Torc,greenhouse
Centerfield,lever
viacom18,lever
Truecaller,greenhouse
activecampaign,lever
Checkr,greenhouse
atlassian,lever
Deputy,lever
"Pure Storage",greenhouse
"Cruise - University",greenhouse
Mable,lever
Konrad,greenhouse
OpenAI,greenhouse
canva,lever
"at US Intern Referral Program - Core 4",greenhouse
SpeechMatics,greenhouse
"Team Rubicon Canada",greenhouse
Optiver,greenhouse
21.co,greenhouse
The/Studio,lever
platform-stud,lever
LULA,greenhouse
"Atalanta Therapeutics",greenhouse
guidewire,lever
FiscalNote,lever
"Futronics (NA) Corporation",greenhouse
"HBK Capital Management",greenhouse
"Bridgewater Associates Campus Recruiting",greenhouse
Kitware,lever
"Lucid Software",greenhouse
Skydio,greenhouse
netomi,lever
"SpaceTec Partners",lever
Ethos,greenhouse
eventbrite,lever
"XPeng Motors",greenhouse
"Sigma Computing",greenhouse
"Cohere Health",greenhouse
"Guidewire Software",lever
"Extreme Networks",lever
GoGuardian,greenhouse
celerion,lever
Kaleris,greenhouse
SmartBear,greenhouse
goodrx,lever
"OLIVER North America",greenhouse
"Kepler Communications",lever
Summer,greenhouse
lyrahealth,lever
"Samsara Early Career Opportunities",greenhouse
hihello,lever
"Ad Hoc Team",greenhouse
cirrus,lever
"SoundHound AI",greenhouse
"Mercedes-Benz R&D North America",lever
Helm.ai,greenhouse
harness,lever
UnlearnAI,lever
leucine,lever
Altruistiq,greenhouse
sigfig-2,lever
Grammerly,greenhouse
"Pomelo, Inc,",greenhouse
"ION Group",lever
appzen,lever
Bitly,greenhouse
ZeroFox,lever
"Canonical - Jobs",greenhouse
"Sigmoid, Bengaluru",greenhouse
"iTech Media",lever
galatea-associates,lever
wednesdaysolutions,lever
TouchBistro,greenhouse
Deepcell,lever
Geotab,lever
Lucid,greenhouse
"GrayMatter Robotics",greenhouse
"Lucid Chart",greenhouse
Phonepe,greenhouse
cdcfoundation,lever
"Merkle Science",lever
Simpl,lever
"Maven Clinic",greenhouse
"at Gymshark",greenhouse
ion,lever
"CDC Foundation",lever
"Thena | Careers",greenhouse
"palo alto networks",greenhouse
Addepar,greenhouse
"at Circle",greenhouse
EigenLabs,greenhouse
Okcoin,greenhouse
panteracapital,lever
TailorCare,greenhouse
"Turquoise Health",greenhouse
"Kroll Bond Rating Agency",greenhouse
BitGo,greenhouse
shyftlabs,lever
ID.me,greenhouse
"Khan Academy",greenhouse
pillarbiosciences,lever
alimentiv-2,lever
mcra,lever
paytm,lever
"Carrot Fertility",greenhouse
"Hinge Health",lever
"Parallel Systems",greenhouse
HackerRank,greenhouse
ClassDojo,greenhouse
OpenPhone,greenhouse
coatesgroup,lever
"Insomniac Games",greenhouse
Braze,greenhouse
intelycare,lever
rivosinc,lever
"C3 AI - Interns and Early Professionals (Summer 2024)",greenhouse
Entefy,lever
Crowdbotics,greenhouse
caseware,lever
Domo,greenhouse
Imprint,greenhouse
Sprinto,lever
"Second Spectrum",greenhouse
Twitch,greenhouse
AppLovin,greenhouse
3eco,lever
cfsenergy,lever
Sure,lever
"Blenheim Chalcot India",greenhouse
unity,greenhouse
Greenhouse,greenhouse
opengov,lever
payu,lever
StarTree,greenhouse
"Red Cell Partners",greenhouse
"Auctane Careers",greenhouse
"Unity Technologies",greenhouse
"Wolverine Building Group",lever
Qcells,lever
OpenTable,greenhouse
pointb,lever
kubra,lever
"Brain Technologies",greenhouse
voleon,lever
upstox,lever
Dialpad,greenhouse
Enable,lever
nextech,lever
jupiter,lever
"LHV Bank",greenhouse
"Alation, Inc.",lever
Motive,greenhouse
"Productiv Inc",greenhouse
Vayda,lever
givebutter,lever
"TalentKompass Deutschland",lever
FATHOM,greenhouse
"Hacker Rank",greenhouse
Productiv,greenhouse
nimblerx,lever
epic,greenhouse
Axios,greenhouse
Q-Cells,lever
Discord,greenhouse
"Bodo, Inc.",lever
"Diffuse Bio",greenhouse
saviynt,lever
"AppZen, Inc.",lever
jumpcloud,lever
"Precisely International Jobs",greenhouse
circleco,lever
kraken,lever
"Careers @ Pismo",greenhouse
Freshprints,greenhouse
Metabase,lever
ispace-inc,lever
OppFi,greenhouse
"Alert Innovation",greenhouse
"GOAT Group",greenhouse
"Loom, Inc.",greenhouse
Neo4j,greenhouse
"at Dev Talent Network",greenhouse
Via,greenhouse
TigerGraph,greenhouse
Thumbtack,greenhouse
"Coursera Sourcing",greenhouse
"Boston Dynamics AI Institute",lever
linksys,lever
dreamsports,lever
SamCart,greenhouse
"Paytm Payments Bank",lever
paytmbank,lever
thinkahead,lever
Trackonomy,greenhouse
66degrees,greenhouse
"at Samsara Early Career Opportunities",greenhouse
"Google DeepMind",greenhouse
Fictiv,greenhouse
medrhythms,lever
Sitetracker,lever
Braintrust,greenhouse
Atomic,lever
"Productive Inc",greenhouse
Cresta,lever
Forward,lever
uniphore,lever
kodiak,lever
everlywell,lever
accolitedigital,lever
https://boards.greenhouse.io/schonfeld/jobs/5400813/confirmation,greenhouse
"Altana AI",greenhouse
Amplitude,greenhouse
LightCast,lever
goforward,lever
SwissBorg,lever
Demandbase,greenhouse
"Browser Company",lever
Darktrace,greenhouse
"Qumulo Careers",greenhouse
"2seventy bio, Inc",greenhouse
Zscaler,greenhouse
Eulerity,greenhouse
April,greenhouse
"Hanwha Vision",greenhouse
Quantile,greenhouse
Databento,greenhouse
Minitab,greenhouse
Coalition,greenhouse
"Global Lending Services",lever
anyscale?commitment=Internship,lever
Canopy,lever
"Sprout Social College Job Board",greenhouse
Skylight,greenhouse
"RippleMatch Opportunities",greenhouse
Turbo.net,greenhouse
Nucleo,greenhouse
GitLab,lever
"Ethos Life",greenhouse
intive,lever
Replicant,lever
Avive,lever
"Accelerate People",greenhouse
"Bluelight Consulting",lever
disney,lever
eqbank,lever
sophos,lever
LionsBots,greenhouse
Caylent,greenhouse
Evmos,greenhouse
"3Red Partners",greenhouse
Saturn,greenhouse
Gauntlet,lever
HUSH,lever
Huntress,greenhouse
Tamr,lever
Robinhood,greenhouse
Vio.com,greenhouse
Udacity,greenhouse
"Nova Talent",lever
dazn,lever
"Lunar Energy",greenhouse
chainlink,lever
Crownpeak,greenhouse
"AlphaSights Campus Recruiting",greenhouse
Achievers,lever
Verafin,lever
mediaocean,lever
matillion,lever
Zadara,lever
esper-3,lever
Celonis,greenhouse
Crypto.com,lever
wasabi,lever
"Rockstar Internships & New Grad Roles",greenhouse
"Tower Research Capital",greenhouse
observeai,lever
Simpplr,greenhouse
zeta,lever
Qumulo,greenhouse
Chainalysis,greenhouse
pennylane,lever
picklerobot,lever
Varicent,lever
wadetrim,lever
covariant,lever
Convera,greenhouse
"Match Group",lever
"Samsung Research America Internship",greenhouse
c3.ai,greenhouse
Qvest,lever
Capco,greenhouse
arkbiotech,lever
roboticresearch,lever
"Temporal Technologies Inc.",lever
DoraHacks,lever
Niantic,greenhouse
nisum,lever
"Stealth Startup",lever
Seamless.ai,greenhouse
"hims & hers",greenhouse
Veritone,greenhouse
Capstone,greenhouse
"Farmers Business Network",greenhouse
AON3D,lever
flawlessai,lever
Truveta,greenhouse
webfx,lever
Nulogy,greenhouse
Excella,greenhouse
peak,greenhouse
"Lounge Underwear Ltd",greenhouse
Directi,lever
"Ark Biotech",lever
boringcompany,lever
"at Cloudflare",greenhouse
textnow,lever
"Motion App",lever
cority,lever
policyme,lever
"FamPay Inc",lever
"Basis Technologies",lever
Boosted.ai,greenhouse
hotstar,lever
"Hometap Jobs",greenhouse
"Clariti Cloud Inc.",greenhouse
Glassdoor,greenhouse
dnc,lever
craft,lever
"The Democratic Party",lever
"demand base",greenhouse
Supernal,greenhouse
ShieldAI,lever
"Two Six Technologies",greenhouse
"XM Careers",lever
"Critical Mass",greenhouse
"Merlyn Mind",lever
RainFocus,lever
sigma,greenhouse
rhombus-systems,lever
theathletic,lever
Voxel,lever
"Score Media and Gaming Inc.",greenhouse
bodo,lever
sporty,lever
"WEDNWSDAY SOLUTIONS",lever
FreshBooks,greenhouse
‎ConnectWise,greenhouse
"Bright Machines",lever
Stairwell,greenhouse
Openly,greenhouse
insiderealestate.com,lever
Angi,greenhouse
"Lilac Solutions, Inc.",greenhouse
Orium,greenhouse
Acorns,greenhouse
CoreWeave,greenhouse
pull.systems,lever
Runway,greenhouse
Syndigo,greenhouse
twosixtechnologies,greenhouse
wyetechllc,lever
"Watershed Informatics",greenhouse
uei,lever
"Wiley Edge Recruiting Portal",greenhouse
Diligent,greenhouse
gopuff,lever
expa,greenhouse
"Newton School",lever
alchemy-c,greenhouse
rhombus-systems-c,lever
hudl-c,greenhouse
dropbox-c,greenhouse
Jeli,greenhouse
Lenus,greenhouse
Qumolo,greenhouse
q-ctrl,lever
"The Brattle Group",greenhouse
Nearsure,greenhouse
"Sands Capital Management, LLC",greenhouse
iHerb,greenhouse
"XMTP Labs, Inc.",greenhouse
WisdomTree,lever
AviveSolutions,lever
Overmind,lever
"Altera Digital Health India",greenhouse
"TOYOTA Research Institute",lever
"Dialogue Health Technologies Inc.",greenhouse
Commonwealth,greenhouse
"US Campus",greenhouse
innovaccer,greenhouse
pryon,lever
StockX,greenhouse
quantinuum,lever
anyscale-c,lever
"Valence Labs",greenhouse
3E,lever
"insitro Logo",greenhouse
"at Iterative Health",greenhouse
Smarking,lever
"Seek AI",lever
"Machina Labs",lever
"Nightfall AI",greenhouse
DriveWealth,greenhouse
Kargo,greenhouse
Check,greenhouse
"Swish Analytics",greenhouse
"Natron Energy",lever
"Garner Health",greenhouse
"Clear Street",greenhouse
"The Information",greenhouse
Balbix,lever
Ziing,lever
Brightside,lever
"Rocket Lab USA",greenhouse
"Bracebridge Capital",greenhouse
"Credit Karma",greenhouse
"C3 AI-c",greenhouse
Deliveroo,greenhouse
neighbor,lever
"Careers at Tide",greenhouse
ThoughtExchange,lever
zuru,lever
"Aylo Careers",greenhouse
"Loblaw Digital",lever
"Altera Digigtal Health",greenhouse
Jar,lever
momsmeals,lever
"3Pillar Global",lever
Bugcrowd,greenhouse
Luminar,greenhouse
"Toshiba Global Commerce Solutions - External",greenhouse
Toshiba-c,greenhouse
"luminar technologies",greenhouse
"The Athletic Media Company",lever
Recursion,greenhouse
Scribd,lever
octoenergy,lever
primer.ai,greenhouse
stackadapt,lever
rupa,lever
"Perk Canada",greenhouse
BJSS,greenhouse
"Isomorphic Labs",greenhouse
"dbt Labs",greenhouse
"Venus Aerospace",lever
"Gusto, Inc.",greenhouse
anavationllc,lever
"Blink UX",lever
"ExodusPoint Capital",greenhouse
"The Voleon Group",lever
CarGurus,greenhouse
"BJSS Leeds",greenhouse
"BJSS Sheffield",greenhouse
"BJSS Birmingham",greenhouse
Smartsheet,greenhouse
Wrapbook,greenhouse
relativity,lever
activecampaign-c,lever
fizz,lever
"Global Atlantic Financial Group",greenhouse
"Dun & Bradstreet",lever
NICE,greenhouse
Pagoda,greenhouse
Flipp,greenhouse
"Circa - IPG DXTRA",greenhouse
cohere,lever
"Ultima Genomics",greenhouse
advancednavigation,lever
Yubico,lever
"Old Mission",greenhouse
Techstars,greenhouse
CrowdRiff,lever
Drift.com,greenhouse
super-com,lever
insider-intelligence,lever
"Couchbase, Inc.",greenhouse
"Invisible Technologies",greenhouse
Mentimeter,greenhouse
"Infrastructure Ontario",lever
netflix,lever
"Aurora Innovation",greenhouse
arsenalbio,lever
Trace3,greenhouse
WeRide.ai,lever
"Arsenal Biosciences",lever
Supermetrics,greenhouse
Sony,greenhouse
c3ai-c,greenhouse
Jobscan,lever
marcusmillichap,lever
cartrawler,lever
tensleyconsulting,lever
"Altera Digital Health Inc. United States",greenhouse
presto,lever
foxitsoftware,lever
analyticpartners,lever
hingehealth,lever
"Insomnia Cookies",lever
myntra,greenhouse
Science,greenhouse
formstack,lever
Reddit,greenhouse
kumo,lever
wisk,lever
"OmniOn Power",greenhouse
"ninja van",lever
"KoBold Metals",greenhouse
"Cirrus Logic",lever
harmony,lever
Aspire,greenhouse
"Brooklyn Investment Group",lever
oowlish,lever
"LionsBot India",greenhouse
Upwork,greenhouse
Higharc,greenhouse
"Redesign Health",greenhouse
"Sidecar Health",greenhouse
"Viking Global Investors",greenhouse
"Tudor Investment Corporation",greenhouse
artera,lever
evisort-2,lever
Zip,greenhouse
hermeus,lever
schoolhouseworld,lever
Astranis,greenhouse
Intradiem,greenhouse
Mediafly,lever
Dataiku,greenhouse
GoDaddy,greenhouse
Juno,lever
codewaystudios,lever
"Latitude AI",greenhouse
"Fi Money",lever
firstup,lever
OpenUp,greenhouse
meridianlink,lever
"Milk Moovement",lever
Acquird.io,lever
"Futher Dubai",greenhouse
"Skynet Software",greenhouse
todaytixgroup,lever
HealthTensor,lever
Zanbato,greenhouse
Pathward,greenhouse
Outreach,lever
vrchat,lever
"Weights & Biases - wandb",lever
Instawork,greenhouse
fluxergy-2,lever
"Samsung Semiconductor",greenhouse
adaptavist,lever
moonpig,lever
Axonify,lever
Circle,greenhouse
GUSTO-F,greenhouse
Drivewealth-c,greenhouse
databricks-bi,greenhouse
zanbato-bi,greenhouse
schonfeld-c,greenhouse
"TAIT Towers",greenhouse
Radiant,greenhouse
"Snorkel AI",greenhouse
intelliware,lever
magnetforensics,lever
companyon,lever
morningconsult,lever
SurveyMonkey,greenhouse
"User Interviews",greenhouse
Rhombus,greenhouse
MavTek,greenhouse
kepler,lever
"Hydrow, Inc.",lever
Ascend.io,lever
Alida,lever
Baselane,lever
"Greenshield Holdings",lever
Evisort,lever
matchgroup,lever
siteimprove,lever
savii-2,lever
Harness,greenhouse
"Wikimedia Foundation",greenhouse
layerzero,greenhouse
dyte-io,lever
"Parallel Wireless",lever
pano,lever
Turing,greenhouse
Verkada,greenhouse
Bolt,greenhouse
Flip,lever
Affinidi,greenhouse
Chalk,greenhouse
Klarna,lever
fresha,lever
"All in Bits",lever
Logos,greenhouse
qualified,lever
Mineral,greenhouse
Striveworks,greenhouse
"Pomelo Care",greenhouse
tripleblind,lever
"Ondo Finance",lever
Qonto,lever
Authentic,greenhouse
ANS,greenhouse
GoToGroup,lever
Ruggable,greenhouse
AtoB,lever
"FullStack Labs",lever
"Ambi Robotics",lever
questanalytics,lever
FlightHub,greenhouse
Assembled,greenhouse
"Token Metrics",lever
bookeeapp,lever
leantaas,lever
TripArc,greenhouse
Bookee,lever
Greenlight,lever
"Denali Therapeutics",greenhouse
Pave,greenhouse
TeamSnap,lever
BuildZoom,lever
brightwheel,lever
AlphaSense,greenhouse
"Smartly.io Job Board",greenhouse
"Bumble Inc.",lever
"Financial Times",greenhouse
Everbridge,lever
Fortra,greenhouse
Grindr,greenhouse
NUVIEW,greenhouse
welocalize,lever
floqast,lever
Intercom,greenhouse
Gusto,greenhouse
Protective,lever
Findem,lever
Postman,greenhouse
Notch,lever
kaiko,lever
"Warner Music Group",lever
fullscript,lever
fampay,lever
Samsung,greenhouse
dexcarehealth,lever
"Silent Eight",greenhouse
"Morgan and Morgan",greenhouse
WorldQuant,greenhouse
Clarifai,greenhouse
"10x Genomics",greenhouse
"Pison Technology",lever
Intrinsic,greenhouse
alation,lever
Travix,greenhouse
Fluence,lever
Interface.ai,greenhouse
"InCharge Energy",greenhouse
"Carbon Direct",greenhouse
"EDO, Inc",greenhouse
"People Strata",greenhouse
iterative,lever
codelitt,lever
Arcadia,greenhouse
FreshPrint,greenhouse
Drivetrain,lever
plivo,lever
Firmex,lever
Aisera,greenhouse
HeartFlow,greenhouse
"Flock Safety",greenhouse
"Build Group",lever
Encord,lever
Remotasks,greenhouse
Attest,greenhouse
"Direct Line Global",greenhouse
"Edge & Node",greenhouse
"ezCater, Inc",greenhouse
Campus,greenhouse
"sam sung",greenhouse
Vonage,greenhouse
arsiem,lever
Textile,greenhouse
"Merge API",greenhouse
Flowcode,greenhouse
Railroad19,lever
"Twist Bioscience",greenhouse
"Door Dash",greenhouse
OneTrust,greenhouse
"Zelus Analytics",greenhouse
Vultr,greenhouse
Legion,greenhouse
qloo,lever
"The Trade desk",greenhouse
voodoo,lever
minware,greenhouse
Paytient,greenhouse
Thread,greenhouse
Collectively,greenhouse
GitLab,greenhouse
Warp,greenhouse
"MORSE Corp",greenhouse
Hex,greenhouse
"Bridgewater Associates LP",greenhouse
BigID,greenhouse
Magna,greenhouse
"Drake Star Partners",greenhouse
"Cresco Labs",greenhouse
fi,lever
AfarMedia,lever
Overmind,greenhouse
NewsBreak,greenhouse
Airwallex,lever
Aircall,lever
Starburst,lever
G-P,greenhouse
FireMon,lever
Super.com,lever
10up,lever
Allscripts,greenhouse
brillio-2,lever
northspyre,greenhouse
"Lightspeed Commerce",greenhouse
"UNiDAYS Ltd",greenhouse
Strava,greenhouse
Upgrade,greenhouse
"The Pokémon Company International",greenhouse
"Crystal Dynamics",greenhouse
"Sony Pictures Animation",greenhouse
clevertap,lever
SimbeRobotics,lever
ZipRecruiter,greenhouse
glsllc,lever
Vivun,lever
G2,greenhouse
Plotly,greenhouse
Attentive,lever
Hadrian,lever
Casechek,greenhouse
"ommerce IQ",greenhouse
"VaynerMedia LLC",greenhouse
LetsGetChecked,greenhouse
Maven,greenhouse
Litify,greenhouse
AiDash,lever
getwingapp,lever
OppZo,greenhouse
Esper,lever
"Strata Decision Technology",greenhouse
D-Wave,lever
HELLOMONDAY/DEPT®,greenhouse
"Weights & Biases",lever
Pendo,greenhouse
Bestpass,greenhouse
portagepointpartners,lever
LogicGate,greenhouse
atlan,lever
Numus,greenhouse
Thena,greenhouse
Quantcast,lever
MaintainX,greenhouse
"Element Biosciences",greenhouse
Piclo,greenhouse
Eventbase,lever
"Anduril Industries",greenhouse
"Blue Origin, LLC",greenhouse
GlossGenius,greenhouse
HeyGen,greenhouse
"Walmart Advanced Systems and Robotics",greenhouse
NFX,greenhouse
plume,lever
Observe.AI,lever
"Verra Mobility",greenhouse
Hungryroot,greenhouse
crosscountry-consulting,lever
wise,greenhouse
hevodata,lever
MrBeast,greenhouse
Cleo,greenhouse
smarsh,lever
Emendata,greenhouse
Nethermind,greenhouse
Kiddom,lever
Jetty,greenhouse
MissionWired,lever
Dashlane,greenhouse
djeholdings,lever
Storyblocks,greenhouse
"The RealReal",greenhouse
"Alo Yoga",greenhouse
"Brave Health",greenhouse
Vimeo,greenhouse
Oddball,greenhouse
"Carnegie Robotics",greenhouse
StimLabs,lever
"Grow Therapy",greenhouse
"Decoded Advertising",greenhouse
"Raptor Maps",lever
Brevo,lever
Sourcegraph,greenhouse
Venn,greenhouse
RaptorMaps,lever
"stock plan",greenhouse
Dev,greenhouse
"pearl health",greenhouse
Energy,greenhouse
cohere,greenhouse
OP3N,greenhouse
thestudio,lever
empowerly,lever
datalabusa,lever
pelago,lever
viantinc,lever
MyFitnessPal,greenhouse
Synthesia,greenhouse
"Aer Lingus Technology Recruitment",greenhouse
goodleap,lever
spawglass,lever
"Headout Referral",greenhouse
Wonders,greenhouse
"Language Services Associates, Inc.",lever
Headway,greenhouse
"Dagster Labs",greenhouse
"Rune Labs",greenhouse
Front,lever
Volley,greenhouse
Carta,greenhouse
Gem,greenhouse
Superblocks,greenhouse
Aptos,greenhouse
"Crunchyroll, LLC",greenhouse
Speechify,greenhouse
"Inari Agriculture",greenhouse
"Altos Labs",greenhouse
marco,lever
aeratechnology,lever
"Disney+ Hotstar",lever
"The Boring Company",lever
"IPG Mediabrands",greenhouse
"Uniswap Labs",greenhouse
"Clipboard Health",greenhouse
StarCompliance,lever
anseradvisory,lever
DataGrail,greenhouse
Forter,greenhouse
prosper,lever
Lightci,lever
"Sixth Street",greenhouse
FOSSA,greenhouse
10up-2,lever
"LTK USA",greenhouse
SoundCloud,greenhouse
"Oowlish Technology",lever
"Daiya Foods Inc.",greenhouse
Faire,greenhouse
Quizizz,lever
Artefact,greenhouse
"Truelogic Software",greenhouse
"Perry Street Software",greenhouse
loblawdigital,lever
redsox,lever
ZOE,lever
"Urban Systems",greenhouse
Bellwether,lever
skyways,lever
GoCardless,greenhouse
playplay,lever
quantummetric,lever
Flourish,greenhouse
Fairmatic,lever
"Massive Rocket",lever
"Black & White Zebra",lever
Newton,lever
endycanada,lever
FireHydrant,greenhouse
HealthCare,lever
emma-sleep,lever
"Opto Investments",greenhouse
Bubble,greenhouse
frontapp,lever
"ripple match",greenhouse
modsquad,lever
"Force Factor",greenhouse
Retool,greenhouse
Calm,greenhouse
"Coupa Software, Inc.",lever
Optiv,lever
ESpace,lever
"Zeno Group",lever
"Diligent Corporation",greenhouse
strongdm,lever
Etched,greenhouse
"Access Holdings",greenhouse
"Typeface Careers",greenhouse
"GuidePoint Security",greenhouse
RxSense,greenhouse
"at Intrinsic",greenhouse
"Wave HQ",lever
DEPT,greenhouse
"Boston Red Sox",lever
"Relay Therapeutics",greenhouse
proxima,lever
Relay,greenhouse
SPAN,greenhouse
Hydrow,lever
Gate.io,lever
"One Impression",lever
"Practice Better",lever
ExodusPoint,greenhouse
Osmo,greenhouse
"Solid Power",greenhouse
"ALTEN Technology USA",greenhouse
Finix,lever
zenogroup,lever
solutiondesign,lever
Atten,greenhouse
coupa,lever
bhvr,lever
"Pathward, N.A.",greenhouse
"Lucid Software - Extra Job Board",greenhouse
softrams,lever
atomicmachines,lever
"Hex Technologies",greenhouse
Hiya,greenhouse
geocomply-2,lever
Descript,greenhouse
Forbes,greenhouse
Ivalua,greenhouse
Notabene,lever
Workleap,greenhouse
clicktherapeutics,greenhouse
Everlaw,greenhouse
"DKB Code Factory",greenhouse
"Bertram Capital Management",greenhouse
"Toyota Research",lever
Substack,greenhouse
Gemini,greenhouse
Babylist,greenhouse
GRAIL,lever
"Wild Alaskan Company",greenhouse
"Click Therapeutics",greenhouse
reply,lever
"JMA Wireless",lever
"The Predictive Index",greenhouse
Superchat,greenhouse
DoubleVerify,greenhouse
Rivos,lever
Moloco,greenhouse
HUMAN,lever
perrone-robotics,lever
Markforged,greenhouse
"Broadsign Careers",greenhouse
"Perplexity AI",greenhouse
"Varsity Tutors",greenhouse
"City Storage Systems",greenhouse
watershed,greenhouse
Moment,greenhouse
"Precisely US Jobs",greenhouse
"Easton Consulting Technologies",greenhouse
"Flyx Labs",greenhouse
Roblox,lever
Blockgraph,greenhouse
ThousandEyes,greenhouse
"Woven by Toyota",lever
"Greenlight Financial Technology",lever
Loyal,greenhouse
Delphix,lever
"Audax Group",greenhouse
"Klaviyo Campus",greenhouse
axionray,lever
darwinhomes,lever
lunchboxtechnologies,lever
strata,greenhouse
BambooHR,greenhouse
postera,lever
"Self Financial",greenhouse
Ripplematch,greenhouse
"Gelber Group",greenhouse
"Strive Health",greenhouse
"Equip Health",lever
Ontic,lever
"Alpha Sense",greenhouse
Algolia,greenhouse
Airtable,greenhouse
olo,lever
Peerspace,lever
Atticus,greenhouse
aerostrat,lever
Life360,greenhouse
Outlier,greenhouse
"Tech Matters",lever
Restaurant365,lever
Tempus,greenhouse
om,greenhouse
"Aspect Biosystems",lever
Mercury,greenhouse
well,greenhouse
"Clearway Energy",greenhouse
Paradigm,greenhouse
"Schimenti Construction Company",greenhouse
moxionpower,lever
"Thrillworks, Inc.",lever
Gymshark,greenhouse
Box,greenhouse
"Apply Digital",lever
findhelp,lever
Dentalook,greenhouse
Virtru,greenhouse
"Twin Health",greenhouse
Invitae,greenhouse
FeverUp,greenhouse
mindbloom,lever
OpenEye,greenhouse
aofl,lever
Reebelo,lever
SFMOMA,lever
Lazarus,greenhouse
hatchit,lever
"Openmesh Network",greenhouse
"Tesseract - identifeye HEALTH Inc.",greenhouse
certifid,lever
"Blanc Labs",lever
newton-school,lever
Procurify,greenhouse
"CoLab Software",greenhouse
MANTL,greenhouse
fabric,lever
Lilium,greenhouse
Pushpay,greenhouse
"Casetext, Now a Part of Thomson Reuters",greenhouse
enigmaio,greenhouse
Paragon,lever
"AI Camp Inc",lever
"Charles River Ass.",greenhouse
LaunchDarkly,greenhouse
Xometry,greenhouse
Vendavo,lever
pingcap,lever
Contentful,greenhouse
"AIR COMPANY",greenhouse
"Moxion Power",lever
Symphony,lever
Stylitics,greenhouse
NABIS,greenhouse
"Foxit Software",lever
Impact.com,greenhouse
"HeartFlow, Inc",greenhouse
Nava,lever
Teachable,greenhouse
Secureframe,lever
"Verse Medical",lever
Thimble,lever
Affinitiv,greenhouse
bighealth,lever
prometheanworld,lever
"Scope3 PBC",greenhouse
"Soros Fund Management",greenhouse
treecard,lever
aicamp,lever
"Modern Health",greenhouse
"Zadara, Inc.",lever
"CommerceIQ, Inc.",greenhouse
"Plivo Inc.",lever
Shogun,greenhouse
"Legend Biotech US",greenhouse
"Cars Commerce",greenhouse
ionicpartners,lever
"Dr. Squatch",greenhouse
"Chatham Financial",greenhouse
RRAI,lever
Archer,greenhouse
bostondynamicsaiinstitute,lever
RVO,greenhouse
"Madison Logic, Inc.",lever
madisonlogic,lever
pitchbook,greenhouse
clpudflare,greenhouse
datavent,greenhouse
toyota,lever
"Kruze Consulting",lever
inari,greenhouse
Federato,lever
exodus,greenhouse
ownwell,greenhouse
shape,greenhouse
"Memora Health",greenhouse
Cardlytics,greenhouse
"Demandbase, Inc.",greenhouse
northbeam,greenhouse
"penn interactive",greenhouse
penn,greenhouse
"Wisk Aero",lever
wurl,greenhouse
ripple,greenhouse
IPG,greenhouse
"Bezos Academy",greenhouse
Alma,greenhouse
"IMC Trading BV",greenhouse
"Cityblock Health",greenhouse
credigy,greenhouse
williot,greenhouse
"ShipBob, Inc.",greenhouse
cityblock,greenhouse
"PitchBook Data",greenhouse
alkymi,lever
"do it",greenhouse
Antenna,greenhouse
openmeh,greenhouse
openmesh,greenhouse
signifyed,greenhouse
motimatic,greenhouse
"ai squared",greenhouse
da,greenhouse
helion,greenhouse
Rebuild,greenhouse
thesis,greenhouse
"pie insurance",greenhouse
AI,greenhouse
artsy,greenhouse
"black sky",greenhouse
inductiveautomation,lever
transwest,lever
Gloabal,greenhouse
tegus,lever
adde,greenhouse
Nuna,greenhouse
"Wolverine Trading",lever
"search discovery",greenhouse
"Standard Metrics",greenhouse
dYdX,greenhouse
Netlify,greenhouse
Kunai,greenhouse
Harmonic,greenhouse
"Upstox (RKSV Securities India Pvt. Ltd.)",lever
PredictX,lever
Taxbit,greenhouse
tendo,lever
"Zeus Analytics",greenhouse
Justworks,greenhouse
FlywheelDigital,lever
deepintent,greenhouse
beta,lever
breeze,greenhouse
Alt,greenhouse
"ArmorCode Inc.",greenhouse
Verikai,greenhouse
Softermii,greenhouse
Choreo,greenhouse
"Interwell Health",greenhouse
"CareBridge Health",greenhouse
"RTB House",greenhouse
"VIP (Vermont Information Processing)",greenhouse
owner,lever
flex,greenhouse
Kiavi,greenhouse
PosiGen,greenhouse
honor,greenhouse
grailbio,lever
"Kin Insurance",greenhouse
PM,greenhouse
TRAILS,greenhouse
"Video hosting made easy",greenhouse
OpenFarmInc,lever
sambatv,lever
hiver,lever
iCapital,greenhouse
skio,lever
"Finley Technologies",lever
"Talent Solutions",greenhouse
"absen taylor",greenhouse
blinkux,lever
Roadie,greenhouse
WireWheel,greenhouse
Anthropic,lever
instructure,lever
fanatics,lever
"Getty Images",lever
Clozd,lever
Shippo,lever
Vyro,greenhouse
Netflix,greenhouse
flagship,greenhouse
airspace,greenhouse
definititve,greenhouse
allegiantair,lever
TigerGraphs,greenhouse
flywheel-2,lever
Vast,greenhouse
"Blue Rose Research",greenhouse
"Banyan Software",greenhouse
Terraformation,lever
CourtAvenue,lever
court-avenue,lever
"Included Health",lever
Doxel,lever
"Ideas United",lever
system1,lever
qunaterix,greenhouse
Bark,greenhouse
Moioco,greenhouse
"Pano AI",lever
Ketch,lever
Narmi,lever
"XOR SEC",greenhouse
"Beyond Finance",greenhouse
"Glass Health Inc.",lever
"self fin",greenhouse
Branch,greenhouse
putnam,greenhouse
blitz,greenhouse
Paytronix,greenhouse
spotter,greenhouse
nomihealth,lever
goop,greenhouse
ezcater,greenhouse
regalvoice,lever
Seyond,greenhouse
"Octopus Energy Group",lever
Forgen,greenhouse
"Detroit Lions",greenhouse
Capchase,lever
"TransMarket Grou[",greenhouse
Elementus,lever
Radix,greenhouse
streetlightdata,lever
Metron,greenhouse
"Unit 410",greenhouse
Valon,greenhouse
Stackline,greenhouse
simulmedia,lever
gametime,lever
"Gametime United",lever
enova,greenhouse
"Spry Methods",lever
farmwise,lever
simplisafe,greenhouse
Auctane,greenhouse
Xpeng,greenhouse
Tekmetric,greenhouse
cscgeneration-2,lever
"DiDi Labs",greenhouse
LeafLink,greenhouse
"Applied intutiton",greenhouse
"The Motley Fool",greenhouse
Accrue,lever
sprymethods,lever
PlusAI,lever
DAS42,greenhouse
"Harbinger Motors",greenhouse
"Too Good To Go",greenhouse
Goldbelly,greenhouse
adMarketPlace,greenhouse
sotheby;s,greenhouse
"Casetext, Part of Thomson Reuters",greenhouse
"Cast & Crew",greenhouse
Transcarent,greenhouse
"Veza Technologies",greenhouse
GoFundMe,greenhouse
"Rocket Money",greenhouse
"Antora Energy",greenhouse
"program manager",greenhouse
beedie,lever
"genius sports",greenhouse
"shipBob,Inc",greenhouse
Cognism,greenhouse
hellobestow,lever
Files.com,greenhouse
koddi,lever
"Wiz, Inc.",greenhouse
"Together AI",greenhouse
BioRender,lever
Honeycomb,lever
Automox,lever
workwave,lever
Quorum,greenhouse
ROLLER,greenhouse
"Unite Us",greenhouse
"Razorpay Software Pvt. Ltd.",greenhouse
DATAVANT,greenhouse
AHEAD,lever
Xsolla,lever
Mutiny,greenhouse
"Winged Recruitment",lever
Blockchain,greenhouse
signal,lever
"Applied Inuttion",greenhouse
Ellevest,greenhouse
Aledade,lever
"The Scion Group",greenhouse
scanlinevfx,lever
fulcrumpro,lever
"Diligent Robotics",greenhouse
project44,greenhouse
FinleyTechnologies,lever
"Arc Technologies",lever
Cardless,lever
"Luma AI",lever
inflection,greenhouse
public,greenhouse
"Collaborative Robotics",greenhouse
"Space X",greenhouse
Intelex,greenhouse
"National Information Solutions Cooperative (NISC)",greenhouse
"Relativity Space",greenhouse
"Shield AI",lever
Bond,greenhouse
"Outset Medical",greenhouse
CourseMojo,greenhouse
"Pirate Ship",greenhouse
Tebra,greenhouse
Altera,greenhouse
"Geneva Trading",greenhouse
Ansa,lever
NextRoll,greenhouse
Anaconda,greenhouse
UpKeep,greenhouse
"Portfolio T",greenhouse
"Conversant Group",lever
"Second Front Systems",lever
"Vaco LLC",greenhouse
"Analytic Partners",lever
HiveWatch,greenhouse
SuccessKPI,greenhouse
"AccuWeather Careers",greenhouse
Cordial,greenhouse
Curai,lever
CARTO,lever
MaestroQA,greenhouse
PetDesk,greenhouse
InStride,greenhouse
Crunchbase,greenhouse
Khan,greenhouse
askfavor,lever
2K,greenhouse
Zeus,greenhouse
Passes,lever
AuditBoard,greenhouse
"Interface AI",greenhouse
BallotReady,greenhouse
Mistplay,lever
"Snackpass Part Time Openings",greenhouse
"Simbe Robotics",lever
"Emerald Cloud Lab",lever
HCVT,lever
"QUANTIC DREAM",lever
Acronis,greenhouse
"Raft Company Website",greenhouse
Cytokinetics,greenhouse
"Capella Space",greenhouse
"Bouldering Project",lever
Verusen,greenhouse
"AiDash Inc.",lever
Fountain,greenhouse
"Hosta a.i.",greenhouse
Ivanti,greenhouse
Mujin,lever
kpmgnz,lever
"KPMG New Zealand",lever
colibrigroup,lever
Cameo,greenhouse
Enigma,greenhouse
Foursquare,greenhouse
convergentresearch,lever
Extend,greenhouse
"Midi Health",greenhouse
"Hudson River Trading",greenhouse
"Valo Health",greenhouse
AKASA,lever
secondfrontsystems,lever
omnidian,lever
"Verana Health",greenhouse
Rhombus,lever
emotive,greenhouse
MediaAlpha,greenhouse
Vercel,greenhouse
"Intelliware Development Inc.",lever
Bynder,greenhouse
Sustainment,greenhouse
Airbyte,greenhouse
"Grafana Labs",greenhouse
Bluesight,lever
"Seso Inc.,",greenhouse
"Astera Labs",greenhouse
heretic-fund,lever
EarnIn,greenhouse
"Atlas Energy Solutions",greenhouse
"Owlet Baby Care",greenhouse
Exactera,greenhouse
DS,greenhouse
"Lightning AI",greenhouse
injectivelabs,lever
"Appian Corp.",greenhouse
"Leucine Inc.",lever
Paxos,greenhouse
"Planned Parenthood Federation of America",lever
Planet,greenhouse
Traba,lever
Barrel,lever
InfStones,lever
Altoida,lever
KPA,lever
"Good Eggs",lever
Figure,greenhouse
Fender,greenhouse
Zinnia,greenhouse
uniswap,greenhouse
MNTN,greenhouse
eulerty,greenhouse
disqo,lever
qrypt,lever
bolster,lever
Codeazen,greenhouse
Arcellx,greenhouse
"PhonePe Pvt. Ltd.",greenhouse
Quartzy,lever
Benevity,greenhouse
"TTEC Digital",lever
Yottaa,lever
economicmodeling,lever
Propel,greenhouse
ChefRobotics,lever
"Chef Robotics",lever
"Guideline, Inc.",greenhouse
Aztec,greenhouse
Waymark,greenhouse
Brattle,greenhouse
synapseint,lever
"Reproductive Freedom for All",greenhouse
ro,lever
M1,greenhouse
Blend,greenhouse
Noibu,lever
vistarmedia-2,lever
xage-security,lever
OneSignal,greenhouse
"Vestmark, Inc.",greenhouse
Copperleaf,greenhouse
Xero,lever
"at Rune Labs",greenhouse
"identifeye HEALTH Inc.",greenhouse
woven-by-toyota,lever
clearcover,greenhouse
polymerlabs,lever
tripalink,lever
ClickHouse,greenhouse
Attain,greenhouse
Coast,greenhouse
latitudeinc,lever
"Scanline VFX",lever
"Radical AI",greenhouse
"Careers at Lexion",greenhouse
varni-labs,lever
"loft orbital",lever
dv01,greenhouse
Haus,lever
Lumos,greenhouse
LastPass,greenhouse
Mashgin,lever
Parker,greenhouse
Advocate,lever
"The Nudge",lever
"at Jamyr Video Greenhouse Integration",greenhouse
"Morgan and Morgam",greenhouse
G2i,lever
Palta,greenhouse
"Sei Labs",lever
Tickets.com,greenhouse
Shopmonkey,greenhouse
KAYAK,greenhouse
"Tango Therapeutics",greenhouse
"Work & Co",greenhouse
"Vera Institute of Justice",greenhouse
pronto-ai,lever
includedhealth,lever
Cocoon,greenhouse
Mix,greenhouse
AXS,greenhouse
"Visby Medical",greenhouse
Fleetio,greenhouse
Inspire,greenhouse
"Intelligent Medical Objects",lever
Silo,lever
Stord,greenhouse
Venteur,lever
"Clearlink Technologies, LLC",greenhouse
endpointclosing,lever
"Private Posting Job Board",greenhouse
Ada,greenhouse
wwprosolutions,lever
empower.me,lever
wandb,lever
gigster,lever
"Doola (Distributed Inc.)",lever
protegrity,lever
Articulate,lever
flowlife,lever
dave,lever
"Acrisure Innovation",greenhouse
"Pair Team",greenhouse
"Forge Global",greenhouse
Axon,greenhouse
backerkit,lever
Orkes,lever
spekit,lever
nuuds,lever
"Peach Finance",lever
peachfinance,lever
Checkbook,greenhouse
"Bond Financial Technologies",greenhouse
PayPay,greenhouse
"Enterra Solutions",greenhouse
Curaleaf,greenhouse
Myshell,greenhouse
payactiv,lever
Cloudfare,greenhouse
Membersy,lever
"Age of Learning",lever
Empassion,lever
January,lever
Resi,greenhouse
wingedrecruitment,lever
Splice,greenhouse
Next47,greenhouse
Tellius,greenhouse
"Teneo external feed for LinkedIn",greenhouse
"Chainlink Labs",lever
ParetoHealth,greenhouse
"Scratch Financial, Inc.",lever
"Gather AI",greenhouse
Ridecell,greenhouse
gooku,greenhouse
"Material Bank",greenhouse
humansecurity,lever
"Axios HQ",greenhouse
Flow,lever
parallelwireless,lever
Sunshine,greenhouse
rocketlawyer,lever
windfalldata,lever
Lynk,greenhouse
"Sealed Inc.",greenhouse
Tala,lever
Pilot.com,greenhouse
"Isar Aerospace SE",greenhouse
"Bauer Hockey/ Cascade Maverik Lacrosse",greenhouse
Quilt,greenhouse
Cyware,greenhouse
Spreetail,lever
Evolve,greenhouse
Windfall,lever
Baton,greenhouse
nexxen,greenhouse
Tonal,lever
"Toggle AI",greenhouse
"Column Software, PBC",greenhouse
equiphealth,lever
"Refuel AI",lever
"Warner Music Inc.",lever
Open.gov,lever
Health[at]Scale,lever
nesthealth,lever
nrccua,lever
Empower,lever
BestEgg,lever
"Sumo Logic",greenhouse
Able,greenhouse
Truepic,greenhouse
Rachio,greenhouse
Citizen,greenhouse
Schrödinger,greenhouse
Workato,greenhouse
"Best Egg",lever
Duetti,lever
MobilityWare,greenhouse
freedompay,lever
Quanterix,greenhouse
"AgentSync Logo",greenhouse
"AGILE Space Industries",greenhouse
OneEnergy,greenhouse
"Tech Holding",greenhouse
"People Data Labs",greenhouse
clarifyhealth,lever
Cofactr,lever
wpromote,lever
Wisetack,greenhouse
Prove,greenhouse
Outrider,lever
Glydways,greenhouse
PhoenixTailings,lever
Huddle01,greenhouse
"Starface World",greenhouse
Scality,lever
plus-2,lever
Bitfocus,greenhouse
Oklo,greenhouse
foxen,lever
nautical-commerce,lever
provi,lever
torchdental,lever
mojotech,lever
Curology,lever
"Hazel Health",greenhouse
Postscript,greenhouse
ScienceLogic,greenhouse
"Lyra Health",lever
Mill,greenhouse
Ntropy,lever
Lightship,lever
patch,lever
Pelago,greenhouse
"Noah Medical",greenhouse
"Forge Health",greenhouse
"Universal Electronics Inc.",lever
Infinitum,greenhouse
"A/B Partners",greenhouse
Accruent,greenhouse
with-foundation,lever
VerSprite,greenhouse
SublimeSystems,lever
"Redwood Credit Union",lever
Argyle,greenhouse
Nominal,lever
kandji,lever
Osaro,lever
levadata,lever
"Global Fishing Watch",greenhouse
Sage,greenhouse
"Torch Technology",lever
"Justworks Labs",lever
health-atscale,lever
yardstick,lever
swish,greenhouse
ClearEdge,lever
HomeStars,lever
Inversion,greenhouse
Swiftly,lever
goswift,lever
"take a lot",greenhouse
Arkestro,greenhouse
"Bolster Inc.",lever
fermyon-technologies,lever
filevine,lever
butcherbox,lever
Wildtype,greenhouse
Zum,lever
"Blackbird Interactive",lever
IMC,greenhouse
thunkable,lever
"Swish Anlaytics",greenhouse
Bundle,lever
figfinancial,lever
Builder.io,greenhouse
"League Inc.",greenhouse
Apptronik,greenhouse
"Baton (A Ryder Technology Lab)",greenhouse
"Spice AI",lever
"Flagship Pioneering, Inc.",greenhouse
unlikely,lever
"at Latitude AI",greenhouse
lumafield,lever
"Actian Corporation",lever
DocNetwork,greenhouse
SIRUM,greenhouse
stridefunding,lever
Benepass,greenhouse
securityinnovation,lever
webAI,greenhouse
Modulr,greenhouse
PriceSpider,greenhouse
mytraffic,lever
CBI,greenhouse
"at Samsung Research America Internship",greenhouse
"Lone Wolf Technologies",lever
Bloomerang,greenhouse
"SEO (Sponsors for Educational Opportunity)",greenhouse
Verdigris,lever
actian,lever
EasyLlama,greenhouse
"Sanctuary AI",lever
Parallel,greenhouse
Percona,lever
"Samsung Austin Semiconductor",greenhouse
"Ginkgo Bioworks Inc.",greenhouse
Dub,greenhouse
dexterity,lever
dodmg,lever
Kinetic,greenhouse
GovOS,greenhouse
Rinsed,greenhouse
InCharge,greenhouse
"Mochi Health",greenhouse
Berkadia,greenhouse
ntropy-network,lever
academia,lever
planettechnologies,lever
"Silvus Early Careers",greenhouse
"Imagen Technologies",greenhouse
agtonomy,lever
merlinlabs,lever
cision,lever
Magic,greenhouse
pentagrp,lever
Battlefy,greenhouse
PagerDuty,greenhouse
"Outlier AI",greenhouse
"Frequence, Inc.",greenhouse
SupportNinja,lever
Bazaarvoice,lever
SupplyHouse.com,greenhouse
"Beyond Identity",greenhouse
"Level Home",greenhouse
"Level Home Inc",greenhouse
anomali,lever
"at hims & hers",greenhouse
alluxio,lever
custodiabank,lever
procept-biorobotics,lever
isee,lever
latch,lever
"Terray Therapeutics",greenhouse
logik.io,lever
"CB Insights",greenhouse
hoverse,greenhouse
VIANT,lever
LumaAi,lever
"Z1 Tech",lever
Hebbia,greenhouse
"G2i Inc",lever
Insider.,lever
"Haven Technologies",greenhouse
Vial,lever
Designit,greenhouse
KIND,greenhouse
ClickUp,greenhouse
PatientPoint,greenhouse
"Underdog Sports",greenhouse
meroxa,lever
"Energy Web",greenhouse
MYOB,lever
weee,greenhouse
Fairie,greenhouse
Tekion,greenhouse
azul,lever
Understood,greenhouse
reekon-tools,lever
gausslabs,lever
giddyup,lever
RapidSOS,greenhouse
SprinterHealth,lever
Reorg,greenhouse
"Weee! Inc",greenhouse
KOHO,greenhouse
Mattermost,lever
"Parse Biosciences",greenhouse
"New York ISO",greenhouse
"AvidXchange, Inc.",greenhouse
Exabeam,greenhouse
"Redaptive, Inc.",lever
"Rocket Lawyer",lever
Penumbra,lever
"Scythe Robotics",greenhouse
"at Aurora Innovation - Talent Network",greenhouse
Collectors,greenhouse
Jencap,greenhouse
"Kairos Power",greenhouse
Hinge,lever
Trunki,lever
"Capital Solutions Group",lever
Aprio,lever
Headspace,greenhouse
cfgi,lever
iSpot.tv,greenhouse
"Wilbur Labs",lever
"Fox Robotics",greenhouse
"Global Worldwide",greenhouse
"Symmetry Software",greenhouse
"Litmus Automation",greenhouse
"Stronghold Investment Management",greenhouse
"Origis Energy",greenhouse
"Daybreak Health",greenhouse
Cellarity,greenhouse
"Altera Digital Health Inc. Canada",greenhouse
"Solo.io, Inc.",greenhouse
Tines,greenhouse
Figment,greenhouse
PeopleFun,lever
Pontera,greenhouse
luxurypresence,lever
"CLEAR - Corporate",greenhouse
laminiai,lever
coalfire,lever
innovativesol-2,lever
Mactores,lever
cgsfederal,lever
Versana,lever
DigitalOcean,greenhouse
"Bazaarvoice FSD",lever
"Post man",greenhouse
Teikametrics,lever
Kinship,greenhouse
"Blank Street",greenhouse
Anagenex,lever
Counterpart,greenhouse
YPrime,greenhouse
"Elevate Labs",lever
AngelList,lever
"at Gecko Robotics - Future Geckos",greenhouse
ushur,lever
logixboard,lever
Pika,greenhouse
"Teza Technologies",greenhouse
"Exodus Movement Inc.",greenhouse
Enformion,greenhouse
"Elwood Technologies",greenhouse
Array,greenhouse
vivrelle,lever
Biofidelity,lever
LuminDigital,lever
frontsteps,lever
saronic,lever
persona,lever
raya,lever
"Street Context",lever
"The Farmer's Dog",greenhouse
"American Farm Bureau Insurance Services, Inc.",greenhouse
"Job Board",greenhouse
"Parachute Health",greenhouse
VML,greenhouse
"Angle Health",lever
"ENG MAN",greenhouse
NeuroFlow,greenhouse
Tovala,lever
"CCS, LLC",greenhouse
arcteryx.com,lever
"Addition Therapeutics",greenhouse
bioagilytix,lever
Constrafor,greenhouse
Freeform,greenhouse
Kobie,greenhouse
"Eikon Therapeutics",greenhouse
Fay,greenhouse
Winton,greenhouse
curri,lever
Tatari,greenhouse
Tecton,lever
"New Front Insurance",lever
"Wispr AI",lever
daybreak,greenhouse
Flexport,greenhouse
"May Mobility",greenhouse
Topsort,greenhouse
"Abarca Health",greenhouse
tackle,lever
"Seven Starling",lever
Truework,greenhouse
"Advanced Technology Services",greenhouse
"PJT Partners - Experienced Professionals",greenhouse
"Assurance Careers",lever
"Tanius Technology",greenhouse
Bloomreach,greenhouse
digimarc,lever
Accela,greenhouse
pachama,lever
Qarik,lever
Oportun,greenhouse
Quince,lever
Divergent,lever
"Spot AI",greenhouse
Vidyard,greenhouse
Pythian,lever
"Lucid Motors",greenhouse
Juvare,greenhouse
cmgx,lever
edmuntum,greenhouse
nightfall,greenhouse
axiomzen,lever
Improbable,lever
watchguard,lever
thirdwavelabs,lever
Pulley,greenhouse
Blueground,greenhouse
OfferFit,greenhouse
Testlio,greenhouse
"Freedom Technology Solutions Group",greenhouse
safebase,greenhouse
"Colibri Group",lever
"Buyers Edge Platform, LLC",greenhouse
hophr,lever
"Force Therapeutics",greenhouse
tapcart,lever
"Clarify Health",lever
Smile.io,lever
"Carbon, Inc.",greenhouse
Center,lever
"Civis Analytics",greenhouse
DeleteMe,lever
"IHI Terrasun Solutions Inc.",greenhouse
Databook,greenhouse
Trustly,lever
vedadata,lever
"Kickstarter PBC",greenhouse
Frequency,greenhouse
Anthropic,greenhouse
Sprig,greenhouse
straighterline,lever
Hatch,greenhouse
Gong.io,greenhouse
EVERY™,greenhouse
Reformation,greenhouse
"Current Job Openings at Vouch Insurance",greenhouse
"Triumvirate Environmental",greenhouse
DirectiveConsulting,lever
"Chicago Trading Company, LLC Referral",greenhouse
"Vivian Health",greenhouse
"The Lockwood Group, LLC",greenhouse
"Bestpass - Fleetworthy",greenhouse
"Mission Graduates",lever
kong,lever
toplinepro,lever
capitalsolutionsgroup,lever
"Constant Contact",greenhouse
Density,greenhouse
simplebet,lever
"Wurl, LLC",greenhouse
rocketpartners,lever
"Inflection AI",greenhouse
"NT Concepts",greenhouse
KnowBe4,greenhouse
84.51°,greenhouse
Rentable,greenhouse
Homebase,greenhouse
"Samsung Research America",greenhouse
PocketHealth,lever
"Osso VR",greenhouse
"Referral Board",greenhouse
"Ava Labs",greenhouse
"1047 Games",greenhouse
NationBuilder,greenhouse
Shipium,lever
Stronghold,lever
apple,greenhouse
dwolla,lever
Recogni,greenhouse
"DHI Group, Inc.",greenhouse
USMobile,lever
HHAeXchange,lever
trunkio,lever
"AE Studio",greenhouse
Toku,lever
dollskill,lever
"Ad Hoc Labs",lever
kimiatherapeutics,lever
"Build With Assembly",greenhouse
Wayve,greenhouse
"IONOS EN",greenhouse
"Valora Inc",greenhouse
"K Health",greenhouse
e2open,greenhouse
"Dataiku Misc Postings",greenhouse
agiloft,lever
BillionToOne,greenhouse
R-Zero,greenhouse
"Cirkul, Inc.",greenhouse
"Service Experts LLC",greenhouse
FranklinCovey,greenhouse
syntax,lever
ambrook,lever
Typeform,greenhouse
AIFund,lever
Phantom,greenhouse
Highspot,lever
ResortPass,greenhouse
Kindo,greenhouse
Everseen,lever
"Trove Recommerce",greenhouse
"Emma – The Sleep Company",lever
"Nomad Health",greenhouse
Further,greenhouse
"Veterinary Emergency Group (VEG)",greenhouse
"stellar development foundation",greenhouse
"Farmer's dog",greenhouse
videahealth,lever
Sonar,lever
"Valor Equity Partners",greenhouse
"Visual Concepts",greenhouse
"1848 Ventures",greenhouse
passportshipping,lever
"Muller, Inc.",greenhouse
BitMEX,greenhouse
Vegas.com,greenhouse
cloudsek,greenhouse
"Alamar Biosciences",greenhouse
"Turing AI",lever
Typeface,greenhouse
"Focal Systems",greenhouse
UrbanFootprint,greenhouse
"Urban Sports Club",greenhouse
Elegen,greenhouse
Barkley,greenhouse
Influential,greenhouse
Popmenu,lever
Hummingbird,greenhouse
divergent3d,lever
Vestmark,greenhouse
Split,greenhouse
Allakos,greenhouse
"Horizen Labs",greenhouse
VEIR,lever
kyruushealth,lever
doola,lever
sprucesystems,lever
Nourish,greenhouse
Labelbox,greenhouse
Apiture,greenhouse
"31st Union",greenhouse
talentus,lever
Ritual,greenhouse
Apollo.io,greenhouse
Sanity.io,greenhouse
LatchBio,lever
carbonhealth,lever
Terawatt,lever
Pallet,greenhouse
Trunk,lever
"Atomic Machines",lever
"Haze Health",greenhouse
"Climate X",greenhouse
"Jam City",lever
3Cloud,greenhouse
syntronic,lever
"Gatik AI, Inc.",greenhouse
3Aware,greenhouse
safeai,lever
"Software Engineer, Data",lever
Zenoti,greenhouse
"Relyance AI",greenhouse
Level,greenhouse
Flash,lever
Jackpocket,greenhouse
"Cloud SEK",greenhouse
"Misfits Market",greenhouse
swapcard,lever
"Auto Trader",greenhouse
Ouster,lever
Betteromics,greenhouse
beam,lever
"Insight M",lever
LogRocket,lever
"Bluevine - US",greenhouse
Vectara,greenhouse
"Platform Science",greenhouse
"Science 37",greenhouse
"Path Robotics",greenhouse
memfault,lever
"Orderly Network",greenhouse
Fliff,lever
"Canonical (1708 vali se)",greenhouse
"Commonwealth Fusion Systems",lever
StartEngine,lever
Therabody,lever
Interaxon,lever
Tubi,greenhouse
Smartling,greenhouse
EasyPost,lever
Soligent,greenhouse
SFOX,greenhouse
"Aria Care Partners",greenhouse
Xpansiv,lever
"Proclaim by Fresh Health, Inc.",lever
"Luxury Presence",lever
"Kepler Group",greenhouse
SmithRx,greenhouse
"Kard Financial, Inc.",greenhouse
Okendo,lever
CallRail,greenhouse
Quokka,lever
"Magnet Forensics",lever
"Modern Animal",greenhouse
Updater,greenhouse
Talkspace,greenhouse
INMOBI,greenhouse
easypost-2,lever
"AssetWatch, Inc.",greenhouse
unitQ,lever
"Status Pro",lever
Resident,greenhouse
Matterport,lever
"Azurity Pharmaceuticals - India",greenhouse
"Quest Partners LLC",greenhouse
SQUIRE,lever
cimgroup,lever
"Dapper Labs",lever
Blockchain.com,greenhouse
Cardiosense,lever
matterworks,lever
bluecatnetworks,lever
"Snowplow Analytics",lever
"Triple Whale",lever
NimbleAI,lever
Expel,greenhouse
AffiniPay,greenhouse
"Redpanda Data",greenhouse
"Dark Wolf Solutions",greenhouse
"Allergan Data Labs",greenhouse
"Cisco ThousandEyes",greenhouse
BeyondTrust,greenhouse
Mercari,greenhouse
"Employment Opportunities at BuzzFeed, Inc.",greenhouse
"Digital Turbine",lever
LeadsOnline,lever
PinWheel,greenhouse
Rho,greenhouse
abovelending,lever
"Above Lending",lever
Insightly,greenhouse
offchainlabs,lever
TheNudge,lever
varomoney,lever
"Helios Commercial Service Partners",greenhouse
"Lamini AI",lever
"CIM Group, LP",lever
42dot,lever
lunaphysicaltherapy,lever
rialtic,greenhouse
"Possible Finance",greenhouse
Atomic,greenhouse
"Energy Solutions - USA",greenhouse
aleysian,lever
"StepStone Group",greenhouse
anteriad,greenhouse
#paid,lever
"Contrast Security",lever
CyberCube,lever
"Gradient AI",greenhouse
"Trust Lab",lever
quizlet-2,lever
uvcyber,lever
twelvelabs,lever
Effectual,greenhouse
prodigyeducation,lever
Burro,lever
ThreatLocker,greenhouse
"Ntropy Network Inc",lever
"Breeze Airways™",greenhouse
QuickNode,greenhouse
"Crisis Text Line",greenhouse
Amount,greenhouse
Spinwheel,lever
Clari,lever
aifleet,greenhouse
Teleport,lever
Certify,lever
"Tenable, Inc.",greenhouse
"Captivation Software",greenhouse
AccompanyHealth,lever
conversica,lever
Future,greenhouse
FalconX,greenhouse
"Him & Hers Inc",greenhouse
Narvar,greenhouse
"Veza Technologies, Inc.",greenhouse
captivateiq,lever
"Magic Leap, Inc.",greenhouse
"Lume Deodorant",greenhouse
"Parity Technologies",greenhouse
Overjet,greenhouse
Kalepa,greenhouse
Pigment,lever
tripadvisor,greenhouse
flipfit,lever
xAI,greenhouse
root16,lever
"Red Canary",lever
Hyperscience,lever
"Dyne Therapeutics",greenhouse
"Jane Software",lever
Thuma,lever
Levio,greenhouse
Render,greenhouse
Coda,greenhouse
Brooklinen,greenhouse
Chief,greenhouse
Amberflo,lever
"Precision Medicine Group",greenhouse
"OP Labs",greenhouse
Forethought,greenhouse
"at Propel",greenhouse
"Rocket Travel, Inc.",greenhouse
Qualia,greenhouse
"Muck Rack",greenhouse
"Eigen Labs",greenhouse
Gabb,greenhouse
observeinc,lever
jamcity,lever
Polly,greenhouse
"The Black Tux",lever
"Temporal Technologies",greenhouse
"at Tigera",greenhouse
"Unstructured Technologies",lever
"Fiddler AI",lever
"Arcesium LLC",greenhouse
securecodewarrior,lever
SpyCloud,greenhouse
Alethea,greenhouse
"at Altera Digital Health Inc. United States",greenhouse
Zap,greenhouse
Technergetics,greenhouse
"Smartly Job Board",greenhouse
Cantina,greenhouse
Synctera,greenhouse
Archive,lever
"Magic Eden",greenhouse
plus,lever
Cyderes,lever
Foodsmart,lever
Appian,greenhouse
"Assured Guaranty",greenhouse
"Accrue Savings",lever
Hivemapper,lever
Foundry,greenhouse
nium,lever
Quizlet,lever
PeopleFinders,greenhouse
"Boson AI",lever
2U,greenhouse
valarian,lever
Rise8,greenhouse
specterops,greenhouse
Printify,lever
"Osmosis Labs",greenhouse
SmartAsset,greenhouse
"Common Room",greenhouse
"Northwest Administrators, Inc.",greenhouse
getzuma,lever
Tomorrow.io,greenhouse
Curated,greenhouse
OffSec,greenhouse
Otter,greenhouse
penumbrainc,lever
"Wasabi Technologies",lever
Fluxergy,lever
redhorsecorp,lever
"Recharge Payments",greenhouse
strapi,lever
Careem,greenhouse
Tenstorrent,greenhouse
PartnerStack,greenhouse
"Power Digital",greenhouse
SugarCRM,lever
BetterUp,greenhouse
imo-online,lever
CodePath.Org,greenhouse
FinFit,lever
navisite,lever
navisite-Accenture,lever
z1tech,lever
"Varo Bank",lever
"Scorpion Enterprises, LLC",greenhouse
CloudKitchens,greenhouse
Neon,greenhouse
"Mursion, Inc",greenhouse
Thoropass,greenhouse
SentiLink,greenhouse
"Employer Direct Healthcare",greenhouse
Shift5,greenhouse
NeueHealth,greenhouse
"Twelve Labs",lever
"Beam Impact",lever
Insurify,greenhouse
voltai,lever
"Truffle Security",greenhouse
Tenderly,lever
Metropolis,greenhouse
rezotx,lever
psivant,lever
Alpaca,greenhouse
"Acryl Data",greenhouse
Icosavax,lever
waveapps,lever
farfetch,lever
kpler,lever
wmg,lever
Outbrain,greenhouse
"Girls Who Code",lever
AssemblyAI,greenhouse
"Butter Payments",lever
verse-medical,lever
"Orbital Therapeutics",greenhouse
"Fourth Enterprises, LLC",lever
"Keyfactor, Inc.",greenhouse
Papaya,greenhouse
Anaplan,greenhouse
"Rent the Runway",greenhouse
ABBYY,greenhouse
"Prisma Data",greenhouse
"Elite Technology",greenhouse
"Product Analyst",greenhouse
Lithic,greenhouse
"Gabb, Inc.",greenhouse
Clockwork,greenhouse
"Big Health",lever
Hawk,greenhouse
"Reinventing Geospatial, Inc. (RGi)",lever
6sense,greenhouse
CodeCombat,lever
scienceexchange,lever
"Care Access",lever
"InStride Health",greenhouse
Axle,greenhouse
aviyatech,lever
"POS Nation",greenhouse
Ever,greenhouse
"AIP Connect",lever
Vise,greenhouse
wahed.com,lever
WideOrbit,greenhouse
MedeAnalytics,greenhouse
MerQube,greenhouse
"Human Interest",greenhouse
EDO,greenhouse
ThreeFlow,greenhouse
"at Simplify Jobs Integration Sandbox",greenhouse
Pumpkin,lever
gynger,lever
"Hiro Systems PBC",greenhouse
findigs,lever
Petal,lever
optionmetrics,lever
"Nova Credit",lever
Spruce,lever
"Fulfil Solutions",greenhouse
Brillio,lever
"Zup Innovation",greenhouse
refuel,lever
gohighlevel,lever
CI&T,lever
"Blink Health",greenhouse
"Hatch IT",lever
Settle,greenhouse
commercetools,greenhouse
Sylvera,lever
"Definitive Healthcare, US",greenhouse
"Interpublic Group",greenhouse
"Lead Bank",lever
LeadBank,lever
"Tools for Humanity",greenhouse
Horizon3.ai,greenhouse
adverum,lever
Orum,lever
Apollo,lever
LendingTree,greenhouse
Prelim,lever
Wealth.com,lever
Urbint,greenhouse
Taskrabbit,greenhouse
PerfectServe,greenhouse
Leverage,greenhouse
"Cell Signaling Technology",greenhouse
onX,greenhouse
"Sporty Group",lever
"Latent AI, Inc.",greenhouse
serotonin,lever
Icertis,lever
"Greenlight Guru",greenhouse
QuantCo,lever
Mayan,greenhouse
CodeSignal,greenhouse
"Chicago Trading Company",greenhouse
twingate,lever
edmentum,greenhouse
Pathstream,greenhouse
"Only External Postings",greenhouse
workramp,lever
Dutchie,greenhouse
FogPharma,greenhouse
Parabola,greenhouse
Nerdery,greenhouse
"Arena AI",greenhouse
Snyk,greenhouse
Toast,greenhouse
"Serino Coyne",greenhouse
"a portfolio company of the AI2 Incubator",greenhouse
Ostro,greenhouse
Mesa,greenhouse
"PROCEPT BioRobotics",lever
AnswersNow,greenhouse
PhysicsX,lever
saas.group,greenhouse
Cloudbeds,greenhouse
immutable,lever
FirstPrinciples,greenhouse
RevOpsforce,greenhouse
"Sword Health",lever
JustFund,greenhouse
Tackle.io,lever
"Gecko Robotics",greenhouse
"Courier Health",greenhouse
"Paperless Parts",greenhouse
"Lumin Digital",lever
Loadsmart,lever
iDeals,lever
Pacvue,greenhouse
Sysdig,lever
RevolutionParts,lever
"Double Good",greenhouse
Fabric,greenhouse
career,lever
Wholesail,greenhouse
"Earnest Current Job Openings",greenhouse
"Renewed Vision",greenhouse
"Arrive Logistics",lever
RouteThis,lever
"Refined Science",greenhouse
stoneridgesoftware,lever
Gridmatic,lever
"Appnovation Technologies",greenhouse
Janeapp,lever
RenoFi,lever
"Ping Identity",greenhouse
KeyMe,greenhouse
WongDoody,greenhouse
Aerospike,greenhouse
Zuora,greenhouse
TransMarket,greenhouse
Appinio,greenhouse
Rockstar,greenhouse
Emotive.io,greenhouse
Mediagenix,lever
Tavus,greenhouse
Meter,greenhouse
MongoDB,greenhouse
"N2 Co / Franchise Inc. Internal",greenhouse
xilis,lever
Observable,lever
ActionIQ,greenhouse
"Zūm Services",lever
"Quantum Circuits",lever
chownow,lever
"Coherus BioSciences",greenhouse
"Internship List",greenhouse
"Veda Data Solutions",lever
SADA,greenhouse
AnaVation,lever
CloudNC,lever
Kaiber,lever
Cabify,greenhouse
"Coactive AI",greenhouse
wormholelabs,greenhouse
Coefficient,greenhouse
HomeLight,greenhouse
rover,lever
"Ambient AI",greenhouse
crypto,lever
AppDirect,greenhouse
Altium,greenhouse
"Anchorage Digital",lever
"Our Next Energy (ONE)",greenhouse
Avara,lever
Nutrafol,greenhouse
AgentSync,greenhouse
"Elements Connect",greenhouse
Bandwidth,greenhouse
Profluent,greenhouse
"Jabra Hearing",greenhouse
Cortica,greenhouse
flatfile,lever
lessen,lever
"Energy Recovery",lever
Enveritas,greenhouse
"Peregrine Technologies",greenhouse
scholarrock,lever
"Arena Bioworks",greenhouse
"Stellar Elements",greenhouse
"ProTrials Research, Inc.",lever
Delos,greenhouse
"CEF Solutions Inc",lever
Galvanick,lever
"Quest Analytics",lever
"Fractyl Health, Inc",greenhouse
OfferUp,greenhouse
Backflip,lever
Oliver,greenhouse
gitai,greenhouse
Degreed,greenhouse
"Thrive Causemetics",lever
Remofirst,lever
Geotab,greenhouse
"Climate Power",lever
Instrumental,lever
Boku,greenhouse
"Hear.com US",greenhouse
"The Gunter Group",greenhouse
Gantry,lever
"Norm AI",lever
Zeotap,lever
Titan,greenhouse
"CSC Generation",lever
Setpoint,greenhouse
"Relay Commerce",lever
"Hello Heart",greenhouse
Thistle,lever
"WEBTOON Entertainment Inc. (Wattpad & WEBTOON Family of Brands)",lever
Anomalo,greenhouse
"F. Schumacher & Co.",greenhouse
trainual,lever
"Per Scholas",greenhouse
Deliverect,lever
apollographql,lever
"Sprinter Health",lever
"Q Bio",lever
"Madison Energy Infrastructure",lever
Boulevard,greenhouse
NEORIS,greenhouse
"Metronome Technologies, Inc.",greenhouse
"Ambience Healthcare",greenhouse
Trunk.io,lever
Vesta,lever
"Providence Digital Innovation Group",greenhouse
"Openmesh Networks",greenhouse
"A-TEK, Inc.",lever
Barbaricum,lever
Halter,lever
Everest,greenhouse
ExecOnline,greenhouse
"Wing Assistant",lever
GreenSpark,greenhouse
"Omicron Media, Inc.",greenhouse
levelai,lever
Navrar,greenhouse
Bosta,lever
Gather,greenhouse
"Alto Pharmacy",greenhouse
"Cleveland Guardians",greenhouse
Civis,greenhouse
"Dealer Inspire",greenhouse
Ensemble,greenhouse
"Finfare Inc.",greenhouse
"mthree Recruiting Portal",greenhouse
Bounteous,lever
7shifts,greenhouse
"Cherry Technologies",lever
Lodgify,lever
RelationalAI,greenhouse
Picus,lever
"Evergreen Services Group",greenhouse
Smartcar,lever
"Parsley Health",greenhouse
"Chartbeat, Inc.",greenhouse
Walnut,greenhouse
Cybrary,greenhouse
Cesium,greenhouse
"Warby Parker",greenhouse
Formic,greenhouse
Rewatch,lever
"Invisible AI",lever
"The Honest Company",greenhouse
"Valera Health",greenhouse
"Flow Traders",greenhouse
cerevel-2,lever
bluerocktx,lever
540,greenhouse
MBTA,lever
"Scribe Therapeutics",greenhouse
Clubhouse,lever
Autify,lever
Skilljar,greenhouse
H1,lever
Distru,lever
"Automattic Careers",greenhouse
Accordion,greenhouse
AllTrails,lever
Soroco,greenhouse
"Incode Technologies",greenhouse
AirDNA,lever
calstart,lever
"Apartment List",greenhouse
"Pulumi Corporation",greenhouse
loftorbital,lever
Dagger,greenhouse
"Flynn Group of Companies",lever
HoYoverse,greenhouse
Grasshopper,greenhouse
Zencore,lever
Close,lever
thrivecausemetics,lever
"Quadrant Strategies",greenhouse
"Kodiak Robotics",greenhouse
"OfferUp - Contract",greenhouse
KlearNow.ai,lever
RedCircle,greenhouse
Fluxx,greenhouse
Chainguard,greenhouse
"Belharra Therapeutics, Inc.",greenhouse
Lambda,greenhouse
"New York City Economic Development Corporation",greenhouse
"BDT & MSD Partners",greenhouse
klick,lever
dynamoai,lever
Onaroll,lever
PureStorage,greenhouse
Luno,greenhouse
"Numbers Station",greenhouse
zimperium,lever
"Wynd Labs",greenhouse
ButterPayments,lever
"Nomo Fintech",lever
mabl,lever
OpenSesame,greenhouse
Seesaw,greenhouse
"Zip Co Limited",greenhouse
mcgovern,lever
redoxengine,lever
"aPriori Technologies",greenhouse
bumbleinc,lever
CreateFuture,greenhouse
Quanata,greenhouse
Tarro,greenhouse
"Philadelphia Eagles",greenhouse
Supabase,greenhouse
"Echo AI",greenhouse
"IMC Trading",greenhouse
"Capstone Investment Advisors",greenhouse
"Unlock Health",greenhouse
backmarket,lever
moo,lever
topazlabs,lever
brilliant,lever
"DoorDash USA",greenhouse
"Small Door Veterinary",greenhouse
attovia-therapeutics,lever
"Scout Motors",greenhouse
"Consumer Edge",greenhouse
Presence,greenhouse
ethenalabs,lever
RPA,greenhouse
"Exa Labs Inc.",lever
Brinc,lever
"AlphaGrep Securities",greenhouse
"Nautical Commerce",lever
czinger,lever
Valimail,greenhouse
MANSCAPED,greenhouse
tiket,lever
Bottomline,greenhouse
"SpotOn: Corporate",greenhouse
"Philadelphia Phillies Baseball Operations Department",greenhouse
Cyngn,lever
"Evolutionary Scale",greenhouse
"CarbonCapture Inc.",lever
"edX Boot Camps",greenhouse
"Agile Defense",lever
"madison energy",lever
Skyflow,greenhouse
InterWorks,greenhouse
SmarterDx,greenhouse
FlareTherapeutics,lever
slate,lever
Productiv,lever
useinsider,lever
tiket.com,lever
sunwatercapital,lever
"Vatic Labs",greenhouse
"National Football League (NFL)",greenhouse
"Sail Biomedicines",greenhouse
"Henry Meds",greenhouse
"Contact Government Services, LLC",lever
"Imagine Pediatrics",greenhouse
machinefilab,lever
ARC'TERYX,lever
Emitwise,lever
Fairlife,greenhouse
"Ledger Investing",greenhouse
Riveron,lever
